{"cant_do": 0.9955267906188965, "doing_well": 0.24941420555114746, "dont_understand": 0.364251047372818, "exit": 0.34841033816337585, "lets_chat_about": 0.2876022458076477, "no": 0.3609856069087982, "opinion_request": 0.4419683814048767, "repeat": 0.19355425238609314, "stupid": 0.31715911626815796, "tell_me_a_story": 0.22205770015716553, "tell_me_more": 0.3073710501194, "topic_switching": 0.1944153606891632, "weather_forecast_intent": 0.3011491298675537, "what_can_you_do": 0.19429828226566315, "what_is_your_job": 0.05877860635519028, "what_is_your_name": 0.3365253806114197, "what_time": 0.34272515773773193, "where_are_you_from": 0.32427293062210083, "who_made_you": 0.3297366797924042, "yes": 0.2341003119945526}