{"cant_do": 0.6866430044174194, "choose_topic": 0.4062407612800598, "doing_well": 0.303951621055603, "dont_understand": 0.23221513628959656, "exit": 0.9156606793403625, "lets_chat_about": 0.26124268770217896, "no": 0.36049914360046387, "opinion_request": 0.4967069625854492, "repeat": 0.05324820429086685, "stupid": 0.3748282790184021, "tell_me_a_story": 0.4623623490333557, "tell_me_more": 0.41718149185180664, "topic_switching": 0.600772500038147, "weather_forecast_intent": 0.3552265763282776, "what_are_you_talking_about": 0.2595938444137573, "what_can_you_do": 0.20267124474048615, "what_is_your_job": 0.21510998904705048, "what_is_your_name": 0.2673039138317108, "what_time": 0.3096380829811096, "where_are_you_from": 0.25100570917129517, "who_made_you": 0.35764485597610474, "yes": 0.22721345722675323}