{"cant_do": 0.9951095581054688, "doing_well": 0.12093613296747208, "dont_understand": 0.44981488585472107, "exit": 0.5871565937995911, "lets_chat_about": 0.35195183753967285, "no": 0.5705791711807251, "opinion_request": 0.4329869747161865, "repeat": 0.19511505961418152, "stupid": 0.27272775769233704, "tell_me_a_story": 0.14585426449775696, "tell_me_more": 0.2656579911708832, "topic_switching": 0.2248060703277588, "weather_forecast_intent": 0.38024550676345825, "what_can_you_do": 0.3528248965740204, "what_is_your_job": 0.07265184819698334, "what_is_your_name": 0.15259332954883575, "what_time": 0.33379998803138733, "where_are_you_from": 0.24268774688243866, "who_made_you": 0.3082238733768463, "yes": 0.16662386059761047}