{"choose_topic": 0.9467334747314453, "exit": 0.4131220281124115, "lets_chat_about": 0.9975659251213074, "no": 0.480140745639801, "repeat": 0.5775067210197449, "topic_switching": 0.021228957921266556, "what_are_you_talking_about": 0.9423823356628418, "what_can_you_do": 0.21084964275360107, "what_is_your_job": 0.1954658031463623, "what_is_your_name": 0.8053194880485535, "where_are_you_from": 0.8252032995223999, "who_made_you": 0.40938299894332886, "yes": 0.8764463663101196}