{"cant_do": 0.9939649701118469, "doing_well": 0.26082029938697815, "dont_understand": 0.38768962025642395, "exit": 0.1897624284029007, "lets_chat_about": 0.3873135447502136, "no": 0.46936091780662537, "opinion_request": 0.35927265882492065, "repeat": 0.1604624092578888, "stupid": 0.35841745138168335, "tell_me_a_story": 0.11577893793582916, "tell_me_more": 0.24854962527751923, "topic_switching": 0.21883241832256317, "weather_forecast_intent": 0.311441034078598, "what_can_you_do": 0.2559432089328766, "what_is_your_job": 0.11947532743215561, "what_is_your_name": 0.23760250210762024, "what_time": 0.31809115409851074, "where_are_you_from": 0.1998971402645111, "who_made_you": 0.3110332489013672, "yes": 0.1889130026102066}