{"choose_topic": 0.2939684987068176, "exit": 0.15178845822811127, "lets_chat_about": 0.9912959337234497, "no": 0.8726552128791809, "opinion_request": 0.21655341982841492, "repeat": 0.8275942802429199, "topic_switching": 0.046996086835861206, "what_are_you_talking_about": 0.9412937164306641, "what_can_you_do": 0.8469878435134888, "what_is_your_job": 0.31849440932273865, "what_is_your_name": 0.6538155674934387, "where_are_you_from": 0.7932785749435425, "who_made_you": 0.9245980978012085, "yes": 0.8140701055526733}