{"choose_topic": 0.34319204092025757, "exit": 0.7, "lets_chat_about": 0.9965183138847351, "no": 0.7785886526107788, "opinion_request": 0.7, "repeat": 0.9574275016784668, "topic_switching": 0.014090225100517273, "what_are_you_talking_about": 0.9333623647689819, "what_can_you_do": 0.9408076405525208, "what_is_your_job": 0.43026596307754517, "what_is_your_name": 0.5547856688499451, "where_are_you_from": 0.7640674114227295, "who_made_you": 0.9943496584892273, "yes": 0.8326555490493774}
