{"cant_do": 0.8531520962715149, "choose_topic": 0.3540816903114319, "doing_well": 0.30551275610923767, "dont_understand": 0.35167378187179565, "exit": 0.962428092956543, "lets_chat_about": 0.323364794254303, "no": 0.33907371759414673, "opinion_request": 0.37356454133987427, "repeat": 0.14432556927204132, "stupid": 0.21727940440177917, "tell_me_a_story": 0.44361966848373413, "tell_me_more": 0.2721695899963379, "topic_switching": 0.7890905141830444, "weather_forecast_intent": 0.58659827709198, "what_are_you_talking_about": 0.20710058510303497, "what_can_you_do": 0.29518234729766846, "what_is_your_job": 0.12214939296245575, "what_is_your_name": 0.21011170744895935, "what_time": 0.2816203534603119, "where_are_you_from": 0.18919424712657928, "who_made_you": 0.4148327708244324, "yes": 0.22988228499889374}