{"cant_do": 0.310737282037735, "choose_topic": 0.2417270690202713, "doing_well": 0.16538786888122559, "dont_understand": 0.5541364550590515, "exit": 0.4242294728755951, "lets_chat_about": 0.5837152600288391, "no": 0.2814711034297943, "opinion_request": 0.33925166726112366, "repeat": 0.10210728645324707, "stupid": 0.4144175946712494, "tell_me_a_story": 0.4782392382621765, "tell_me_more": 0.9663230776786804, "topic_switching": 0.21399077773094177, "weather_forecast_intent": 0.2728601098060608, "what_can_you_do": 0.14997711777687073, "what_is_your_job": 0.1591893881559372, "what_is_your_name": 0.3795556426048279, "what_time": 0.2367560863494873, "where_are_you_from": 0.12151171267032623, "who_made_you": 0.3124493360519409, "yes": 0.1160019040107727}