{"choose_topic": 0.9919907450675964, "exit": 0.34411224722862244, "lets_chat_about": 0.9973382949829102, "no": 0.4963281750679016, "repeat": 0.7579858899116516, "topic_switching": 0.36578066647052765, "what_are_you_talking_about": 0.9514663815498352, "what_can_you_do": 0.2780931293964386, "what_is_your_job": 0.24445383250713348, "what_is_your_name": 0.8689072728157043, "where_are_you_from": 0.8246933817863464, "who_made_you": 0.5484011769294739, "yes": 0.9288107752799988}