{"cant_do": 0.9951813817024231, "doing_well": 0.20746710896492004, "dont_understand": 0.46437373757362366, "exit": 0.670608401298523, "lets_chat_about": 0.45430850982666016, "no": 0.5014230012893677, "opinion_request": 0.37829527258872986, "repeat": 0.1841353476047516, "stupid": 0.3928144872188568, "tell_me_a_story": 0.25179579854011536, "tell_me_more": 0.3470901548862457, "topic_switching": 0.3168174624443054, "weather_forecast_intent": 0.29336851835250854, "what_can_you_do": 0.248020201921463, "what_is_your_job": 0.13003003597259521, "what_is_your_name": 0.10606575012207031, "what_time": 0.22000065445899963, "where_are_you_from": 0.22385701537132263, "who_made_you": 0.4115716516971588, "yes": 0.2927640974521637}