{"cant_do": 0.9548258781433105, "doing_well": 0.3625424802303314, "dont_understand": 0.3543110191822052, "exit": 0.306060791015625, "lets_chat_about": 0.43766865134239197, "no": 0.33950358629226685, "opinion_request": 0.32293227314949036, "repeat": 0.0727902352809906, "stupid": 0.2701420187950134, "tell_me_a_story": 0.1803148090839386, "tell_me_more": 0.44748711585998535, "topic_switching": 0.23531293869018555, "weather_forecast_intent": 0.302157461643219, "what_can_you_do": 0.36462506651878357, "what_is_your_job": 0.1300077587366104, "what_is_your_name": 0.17952033877372742, "what_time": 0.23276793956756592, "where_are_you_from": 0.2318275421857834, "who_made_you": 0.2321370542049408, "yes": 0.22232303023338318}