{"choose_topic": 0.3180878758430481, "exit": 0.39034703373908997, "lets_chat_about": 0.9882913827896118, "no": 0.7047894597053528, "opinion_request": 0.24303290247917175, "repeat": 0.7484423518180847, "topic_switching": 0.021838271990418434, "what_are_you_talking_about": 0.9323298335075378, "what_can_you_do": 0.7428832054138184, "what_is_your_job": 0.4423202574253082, "what_is_your_name": 0.6095256805419922, "where_are_you_from": 0.5356614589691162, "who_made_you": 0.9424594044685364, "yes": 0.8151676058769226}