{"cant_do": 0.9959774017333984, "doing_well": 0.16440272331237793, "dont_understand": 0.4596497118473053, "exit": 0.3219137191772461, "lets_chat_about": 0.2829689383506775, "no": 0.4485190510749817, "opinion_request": 0.23045560717582703, "repeat": 0.12038494646549225, "stupid": 0.26764675974845886, "tell_me_a_story": 0.16403187811374664, "tell_me_more": 0.26232656836509705, "topic_switching": 0.27966102957725525, "weather_forecast_intent": 0.21396827697753906, "what_can_you_do": 0.21737149357795715, "what_is_your_job": 0.07599382102489471, "what_is_your_name": 0.12203198671340942, "what_time": 0.4266643524169922, "where_are_you_from": 0.26737165451049805, "who_made_you": 0.3431720733642578, "yes": 0.2958827614784241}