{"choose_topic": 0.2501871883869171, "exit": 0.27386435866355896, "lets_chat_about": 0.9903799891471863, "no": 0.7085602283477783, "opinion_request": 0.38304203748703003, "repeat": 0.8497751951217651, "topic_switching": 0.3, "what_are_you_talking_about": 0.958850085735321, "what_can_you_do": 0.909859299659729, "what_is_your_job": 0.3598199188709259, "what_is_your_name": 0.6071294546127319, "where_are_you_from": 0.7334445118904114, "who_made_you": 0.8970855474472046, "yes": 0.6106439232826233}