{"cant_do": 0.9086579084396362, "choose_topic": 0.21363994479179382, "doing_well": 0.1875363290309906, "dont_understand": 0.2747376263141632, "exit": 0.9568979144096375, "lets_chat_about": 0.1436631679534912, "no": 0.43405547738075256, "opinion_request": 0.31855976581573486, "repeat": 0.15143820643424988, "stupid": 0.24914240837097168, "tell_me_a_story": 0.44055065512657166, "tell_me_more": 0.3587600588798523, "topic_switching": 0.6174043416976929, "weather_forecast_intent": 0.49946802854537964, "what_are_you_talking_about": 0.30752864480018616, "what_can_you_do": 0.2623191773891449, "what_is_your_job": 0.07928115129470825, "what_is_your_name": 0.16603919863700867, "what_time": 0.23531869053840637, "where_are_you_from": 0.32228976488113403, "who_made_you": 0.1725647747516632, "yes": 0.14196018874645233}