{"cant_do": 0.2662339508533478, "choose_topic": 0.28108614683151245, "doing_well": 0.23487310111522675, "dont_understand": 0.4567108750343323, "exit": 0.3901992738246918, "lets_chat_about": 0.39496782422065735, "no": 0.2559261620044708, "opinion_request": 0.29862338304519653, "repeat": 0.18098029494285583, "stupid": 0.42531293630599976, "tell_me_a_story": 0.19637684524059296, "tell_me_more": 0.9618692398071289, "topic_switching": 0.20181994140148163, "weather_forecast_intent": 0.27660682797431946, "what_can_you_do": 0.16385358572006226, "what_is_your_job": 0.13064341247081757, "what_is_your_name": 0.4566683769226074, "what_time": 0.3915320336818695, "where_are_you_from": 0.17071320116519928, "who_made_you": 0.20965416729450226, "yes": 0.1849854290485382}